sigma,time,outer_iterations,inner_iterations,PSNR,SSIM
0.1,1.84544038772583,10,2276,23.70931629092828,0.8041159137649079
0.3,1.335066318511963,10,1507,23.70931579784362,0.8041155581341167
0.5,1.1365363597869873,10,1232,23.709315469914216,0.8041153975321937
0.7,0.974102258682251,10,1081,23.709315548953374,0.8041154938022027
0.9,0.863306999206543,10,983,23.709315576949514,0.8041156527281634
